[
   {
      "business_name":"Park Hyatt-spa",
      "business_type":"spa",
      "link":"https://hyderabad.park.hyatt.com/en/hotel/activities/hotel-activities/spa.html",
      "address":"Road Number 2, Sri Nagar Colony, Kamalapuri Colony, Banjara Hills, Hyderabad, Telangana 500073",
      "rating":4.5
   },
   {
      "business_name":"O2 Spa",
      "business_type":"spa",
      "link":"https://www.o2spa.org/",
      "address":"3rd Floor, GVK One Mall, Road Number 1, Balapur Basthi, Banjara Hills, Hyderabad, Telangana 500034",
      "rating":3.0
   },
   {
      "business_name":"O2 Spa Boulder Hill",
      "business_type":"spa",
      "link":"http://www.o2spa.org/locations/india/spa-in-hyderabad/boulder-hills-hyderbad/",
      "address":"Boulder Hills, Madhava Reddy Colony, Gachibowli, Hyderabad, Telangana 500032",
      "rating":3.2
   },
   {
      "business_name":"Meghavi - Spa, Salon & O Cafe",
      "business_type":"spa",
      "link":"http://www.meghavispa.com/",
      "address":"34A Meghavi, MLA Colony, Road No : 12, Banjara Hills, Hyderabad, Telangana 500034",
      "rating":4.9
   },
   {
      "business_name":"The 5th Element Spa",
      "business_type":"spa",
      "link":"http://www.thefifthelement.in/",
      "address":"259, Road No. 72, Dargha Road, Near Whisper Valley, Jubilee Hills, Film Nagar, Hyderabad, Telangana 500033",
      "rating":4.5
   },
   {
      "business_name":"Sapphire Spa",
      "business_type":"spa",
      "link":"http://thesapphirespa.com/",
      "address":"Usha Jubilee Town Apartment, Road Number 36, Jubilee Hills, Opposite, Jubilee Hills Police Station, Hyderabad, Telangana 500033",
      "rating":3.5
   },
   {
      "business_name":"Green Mint Spa",
      "business_type":"spa",
      "link":"https://greenmintspa.com/",
      "address":"26, Vahini nagar, Karkhana, Hyderabad, Telangana 500009",
      "rating":2.1
   },
   {
      "business_name":"The Spa",
      "business_type":"spa",
      "link":"https://hyderabad.hyatthotels.hyatt.com/en/hotel/activities/hotel-activities/spa.html",
      "address":"Jayabheri Silicon Towers, Hitech City Rd, Financial District, Gachibowli, Hyderabad, Telangana 500032",
      "rating":4.6
   },
   {
      "business_name":"Soul Spa & Salon",
      "business_type":"spa",
      "link":"http://www.welcometosoul.com/en/about.html",
      "address":"NBK Building, N.Vasundhara Devi, H.No 31&36 co-op hb Society Jubilee Hills, Jubilee Hills, Hyderabad, Telangana 500033",
      "rating":4.3
   },
   {
      "business_name":"Opium Spa",
      "business_type":"spa",
      "link":"http://opiumspa.com/",
      "address":"Shop No. 1, Ground Floor, City Center Mall, Road No. 1, Banjarahills, Hyderabad, Telangana 500034",
      "rating":3.9
   },
   {
      "business_name":"Pink Ladies Gym Ameerpet",
      "business_type":"fitness center",
      "link":"http://pinkfitness.in/ameerpet",
      "address":"7-1-71/H, Divya Shakthi Apartment, Dharam Karam Road, Kalyan Nagar Phase 1, Ameerpet, Hyderabad, Telangana 500016",
      "rating":3.5
   },
   {
      "business_name":"Fitness ONE",
      "business_type":"firness center",
      "link":"http://fitnessone.in/kondapur/",
      "address":"Plot No. 5, Park View Building, 2nd Floor, Above Heritage Fresh, Opp, Botanical Garden Road, Venkat Enclave, Whitefields, Kondapur, Hyderabad, Telangana 500084",
      "rating":3.1
   },
   {
      "business_name":"Ozone Fitness & Spa",
      "business_type":"fitness center",
      "link":"http://www.ozoneclubs.com/home.php",
      "address":"No. 6-3-349/20, Banjara Hills, Road No. 1, Hyderabad, Telangana 500034",
      "rating":3.5
   },
   {
      "business_name":"Cloud Fitness | GYMS",
      "business_type":"fitness center",
      "link":"http://www.thecloudfitness.com/",
      "address":"Opposite Gachhibowli Road, The Platina, Jayabheri Enclave, Gachibowli, Hyderabad, Telangana 500032",
      "rating":4.3
   },
   {
      "business_name":"The Stallions Gym",
      "business_type":"fitness center",
      "link":"http://www.stallionsgym.com/",
      "address":"No. 1-98/11/12, 2nd Floor, Above Corporaton Bank, Behind Vodafone Showroom, Madhapur, Hyderabad, Telangana 500081",
      "rating":4.5
   },
   {
      "business_name":"Potens Fitness",
      "business_type":"fitness center",
      "link":"https://potens.in/",
      "address":"Plot No. 2, Adjacent to InOrbit Mall, Durgamma Cheruvu Rd, Vittal Rao Nagar, Hitech City, Madhapur, Hyderabad, Telangana 500081",
      "rating":4.6
   },
   {
      "business_name":"Steel Gym",
      "business_type":"fitness center",
      "link":"http://www.steelgym.in/",
      "address":"1355, Neharika Jubilee One, Jubilee Hills Road No.1 and Road.45 Junction,, Adjacent to HDFC bank, Hyderabad, Telangana 500033",
      "rating":4.4
   },
   {
      "business_name":"Lions MMA, Mixed Martial Arts & Fitness Center",
      "business_type":"fitness center",
      "link":"http://tamma.in/",
      "address":"# 8-1-35/A/21 Movie Planet Building,, Near Galaxy Theatre, Above Movie Planet 5th Floor, Hyderabad, Telangana 500008",
      "rating":3.2
   },
   {
      "business_name":"Speed fitness gym",
      "business_type":"fitness center",
      "link":"https://www.facebook.com/speedfitnesskphb/?ref=aymt_homepage_panel",
      "address":"plot no.3/A, Phase-5, surya enclave, opp Brand Factory Rd, Kukatpally, Hyderabad, Telangana 500072",
      "rating":4.9
   },
   {
      "business_name":"Anytime Fitness",
      "business_type":"fitness center",
      "link":"http://www.anytimefitness.co.in/gyms/IN-1005/hyderabad-andhra-pradesh-500033",
      "address":"Plot No. 71, Road No. 1 & 9, Besides TV 5 Office, Jubilee Hills, Hyderabad, Telangana 500033",
      "rating":4.4
   },
   {
      "business_name":"Mirrors",
      "business_type":"salon",
      "link":"http://mirrorsspaandsalon.com/",
      "address":"Plot No.66, Park View Enclave, Road No.1, Jubilee HIlls, Hyderabad, Telangana 500033",
      "rating":4.3
   },
   {
      "business_name":"Bubbles Hair & Beauty - Jubilee Hills",
      "business_type":"salon",
      "link":"http://bubblesindia.com/",
      "address":"Plot No 21B, Journalist Colony \"B\", Opp.KBR Park, Jubilee Hills, Hyderabad, Telangana 500033",
      "rating":3.6
   },
   {
      "business_name":"Lucas Academy & Salon",
      "business_type":"salon",
      "link":"http://www.lucassalon.com/",
      "address":"4th Floor, Fortune Atrium, Road No. 36, Jubilee Hills, Opp. Chutneys, Hyderabad, Telangana 500033",
      "rating":4.2
   },
   {
      "business_name":"Envi Salon & Spa",
      "business_type":"salon",
      "link":"http://www.envisalon.in/",
      "address":"No. 8-2-684/3/162, Road No. 12, Banjara Hills, Hyderabad, Telangana 500034",
      "rating":4.4
   },
   {
      "business_name":"Manea the salon-manea.in",
      "business_type":"salon",
      "link":"http://www.manea.in/",
      "address":"No. 8-2-120/112, 1st Floor, Park View Estate, Road No. 2, Banjara Hills, Hyderabad, Telangana 500034",
      "rating":3.7
   },
   {
      "business_name":"Manea The Salon",
      "business_type":"salon",
      "link":"http://www.manea.in/",
      "address":"No. 1-98/7/2/5A, 1st Floor, Above Karachi Bakery, Madhapur, Hyderabad, Telangana 500071",
      "rating":3.9
   },
   {
      "business_name":"Lakme Salon",
      "business_type":"salon",
      "link":"http://www.lakmeindia.com/",
      "address":"No. 16-11-477/6/1, First Floor, RD Towers, Dilsukhnagar Main Road, Dilsukhnagar, Beside Bajaj Electronics, Hyderabad, Telangana 500060",
      "rating":3.2
   },
   {
      "business_name":"Bubbles Hair & Beauty - Orange County",
      "business_type":"salon",
      "link":"http://bubblesindia.com/",
      "address":"Financial District, Nanakram Guda, Hyderabad, Telangana 500032",
      "rating":3.2
   },
   {
      "business_name":"Paris De Salon",
      "business_type":"salon",
      "link":"http://parisdesalon.com/",
      "address":"#286/A Opp. KBR Park, Road # 12. MLA Colony, -500034",
      "rating":4.4
   },
   {
      "business_name":"Naturals Family Salon & Spa",
      "business_type":"salon",
      "link":"http://www.naturals.in/",
      "address":"Plot No. 9&10, 1st Floor, Indira SNR Plaza, HUDA Colony, Gangaram, Chandanagar, Church Rd, Hyderabad, 500050",
      "rating":2.0
   }
]